DRUG,MUTATION
ETH,ethA@*_indel
INH,katG@*_indel
LEV,gyrA@A90V
LEV,gyrA@S91P
LEV,gyrA@D94G
LEV,gyrA@D94N
LEV,gyrA@D94Y
LEV,gyrA@D94A
LEV,gyrA@D94H
LEV,gyrA@G88C
LEV,gyrB@D461N
LEV,gyrB@N499D
LEV,gyrB@E501D
LEV,gyrB@A504V
LEV,gyrA@G88A
MXF,gyrA@G88A
MXF,gyrA@D94G
MXF,gyrA@D94A
MXF,gyrA@A90V
MXF,gyrA@S91P
MXF,gyrB@E501D
MXF,gyrA@D94N
MXF,gyrA@D94H
MXF,gyrA@D94Y
MXF,gyrA@G88C
MXF,gyrB@N499D
MXF,gyrB@A504V
MXF,gyrB@D461N
RIF,rpoB@L430P
RIF,rpoB@H445N
STM,gid@*_indel
rifampicin,rpoB@H445N
rifampicin,rpoB@L430P
isoniazid,katG@*_indel
rifampicin,rpoB@H445N
rifampicin,rpoB@L430P
isoniazid,katG@*_indel
levofloxacin,gyrA@A90V
levofloxacin,gyrA@D94A
levofloxacin,gyrA@D94G
levofloxacin,gyrA@D94H
levofloxacin,gyrA@D94N
levofloxacin,gyrA@D94Y
levofloxacin,gyrA@G88A
levofloxacin,gyrA@G88C
levofloxacin,gyrA@S91P
levofloxacin,gyrB@A504V
levofloxacin,gyrB@D461N
levofloxacin,gyrB@E501D