original,new
rpoB@a-261g,rpoB@a-261g
rpoB@c-61t,rpoB@c-61t
inhA@a-778g,fabG1@a-16g
inhA@c-777t,fabG1@c-15t
inhA@g-154a,fabG1@g1674048a
inhA@t-770a,fabG1@t-8a
inhA@t-770c,fabG1@t-8c
inhA@c-40t,fabG1@c1674162t
inhA@c-522g,fabG1@c1673680g
inhA@g-864a,fabG1@g-102a
katG@c-353t,Rv1907c@c2153536t
katG@c-84t,Rv1907c@c2153805t
katG@g-277c,Rv1907c@g2153612c
katG@-512_del_gatt&katG@c-507t&katG@t-489c,Rv1907c@2153377_del_gatt
katG@-512_del_gatt&katG@c-507t&katG@t-489c,Rv1907c@c2153382t
katG@-512_del_gatt&katG@c-507t&katG@t-489c,Rv1907c@t2153400c
katG@-85_del_ctat&katG@g-80t,Rv1907c@2153804_del_ctat
katG@-85_del_ctat&katG@g-80t,Rv1907c@g2153809t
embA@c-12t,embA@c-12t
embA@-30_del_c&embA@g-32t,embA@-30_del_c
embA@-30_del_c&embA@g-32t,embA@g-32t
embA@-43_ins_c&embA@g-43c,embA@-43_ins_c
embA@-43_ins_c&embA@g-43c,embA@g-43c
pncA@-5_del_g,Rv2042c@2288676_del_g
pncA@a-10c,Rv2042c@a2288671c
pncA@a-10g,Rv2042c@a2288671g
pncA@a-10t,Rv2042c@a2288671t
pncA@t-11c,Rv2042c@t2288670c
pncA@t-6c,Rv2042c@t2288675c
pncA@-4_ins_c,Rv2042c@2288677_ins_c
pncA@g-32a,Rv2042c@g2288649a
pncA@t-59g,Rv2042c@t2288622g
gyrA@c-34t,gyrA@c-34t
gyrB@c-165t,gyrB@c-165t
gyrA@c-34t,gyrA@c-34t
gyrB@c-165t,gyrB@c-165t
eis@c-13t,eis@c-13t
eis@c-11t,eis@c-11t
rrs@c-187t,mcr3@c1471659t
eis@-1_del_ctgtga&eis@c-13t,eis@-1_del_ctgtga
eis@-1_del_ctgtga&eis@c-13t,eis@c-13t
eis@15_ins_g&eis@c-13t,eis@-13_ins_g
eis@15_ins_g&eis@c-13t,eis@c-13t
rrs@-210_del_a&rrs@c-187t,mcr3@1471636_del_a
rrs@-210_del_a&rrs@c-187t,mcr3@c1471659t
rrs@a-106t&rrs@a-118t&rrs@a-87c&rrs@a-96c&rrs@c-119t&rrs@c-121t&rrs@c-81t&rrs@c-82g&rrs@c-83t&rrs@c-84g&rrs@c-91a&rrs@c-93g&rrs@c-98a&rrs@g-100a&rrs@g-109t&rrs@g-112t&rrs@g-125t&rrs@g-126c&rrs@g-85c&rrs@g-88c&rrs@g-94a&rrs@g-99t&rrs@t-101c&rrs@t-102c&rrs@t-103g&rrs@t-104g&rrs@t-110g&rrs@t-113g&rrs@t-116g&rrs@t-78g&rrs@t-86c&rrs@t-90c&rrs@t-92c,mcr3@a1471740t
rrs@a-106t&rrs@a-118t&rrs@a-87c&rrs@a-96c&rrs@c-119t&rrs@c-121t&rrs@c-81t&rrs@c-82g&rrs@c-83t&rrs@c-84g&rrs@c-91a&rrs@c-93g&rrs@c-98a&rrs@g-100a&rrs@g-109t&rrs@g-112t&rrs@g-125t&rrs@g-126c&rrs@g-85c&rrs@g-88c&rrs@g-94a&rrs@g-99t&rrs@t-101c&rrs@t-102c&rrs@t-103g&rrs@t-104g&rrs@t-110g&rrs@t-113g&rrs@t-116g&rrs@t-78g&rrs@t-86c&rrs@t-90c&rrs@t-92c,mcr3@a1471728t
rrs@a-106t&rrs@a-118t&rrs@a-87c&rrs@a-96c&rrs@c-119t&rrs@c-121t&rrs@c-81t&rrs@c-82g&rrs@c-83t&rrs@c-84g&rrs@c-91a&rrs@c-93g&rrs@c-98a&rrs@g-100a&rrs@g-109t&rrs@g-112t&rrs@g-125t&rrs@g-126c&rrs@g-85c&rrs@g-88c&rrs@g-94a&rrs@g-99t&rrs@t-101c&rrs@t-102c&rrs@t-103g&rrs@t-104g&rrs@t-110g&rrs@t-113g&rrs@t-116g&rrs@t-78g&rrs@t-86c&rrs@t-90c&rrs@t-92c,rrs@a-87c
rrs@a-106t&rrs@a-118t&rrs@a-87c&rrs@a-96c&rrs@c-119t&rrs@c-121t&rrs@c-81t&rrs@c-82g&rrs@c-83t&rrs@c-84g&rrs@c-91a&rrs@c-93g&rrs@c-98a&rrs@g-100a&rrs@g-109t&rrs@g-112t&rrs@g-125t&rrs@g-126c&rrs@g-85c&rrs@g-88c&rrs@g-94a&rrs@g-99t&rrs@t-101c&rrs@t-102c&rrs@t-103g&rrs@t-104g&rrs@t-110g&rrs@t-113g&rrs@t-116g&rrs@t-78g&rrs@t-86c&rrs@t-90c&rrs@t-92c,rrs@a-96c
rrs@a-106t&rrs@a-118t&rrs@a-87c&rrs@a-96c&rrs@c-119t&rrs@c-121t&rrs@c-81t&rrs@c-82g&rrs@c-83t&rrs@c-84g&rrs@c-91a&rrs@c-93g&rrs@c-98a&rrs@g-100a&rrs@g-109t&rrs@g-112t&rrs@g-125t&rrs@g-126c&rrs@g-85c&rrs@g-88c&rrs@g-94a&rrs@g-99t&rrs@t-101c&rrs@t-102c&rrs@t-103g&rrs@t-104g&rrs@t-110g&rrs@t-113g&rrs@t-116g&rrs@t-78g&rrs@t-86c&rrs@t-90c&rrs@t-92c,mcr3@c1471727t
rrs@a-106t&rrs@a-118t&rrs@a-87c&rrs@a-96c&rrs@c-119t&rrs@c-121t&rrs@c-81t&rrs@c-82g&rrs@c-83t&rrs@c-84g&rrs@c-91a&rrs@c-93g&rrs@c-98a&rrs@g-100a&rrs@g-109t&rrs@g-112t&rrs@g-125t&rrs@g-126c&rrs@g-85c&rrs@g-88c&rrs@g-94a&rrs@g-99t&rrs@t-101c&rrs@t-102c&rrs@t-103g&rrs@t-104g&rrs@t-110g&rrs@t-113g&rrs@t-116g&rrs@t-78g&rrs@t-86c&rrs@t-90c&rrs@t-92c,mcr3@c1471725t
rrs@a-106t&rrs@a-118t&rrs@a-87c&rrs@a-96c&rrs@c-119t&rrs@c-121t&rrs@c-81t&rrs@c-82g&rrs@c-83t&rrs@c-84g&rrs@c-91a&rrs@c-93g&rrs@c-98a&rrs@g-100a&rrs@g-109t&rrs@g-112t&rrs@g-125t&rrs@g-126c&rrs@g-85c&rrs@g-88c&rrs@g-94a&rrs@g-99t&rrs@t-101c&rrs@t-102c&rrs@t-103g&rrs@t-104g&rrs@t-110g&rrs@t-113g&rrs@t-116g&rrs@t-78g&rrs@t-86c&rrs@t-90c&rrs@t-92c,rrs@c-81t
rrs@a-106t&rrs@a-118t&rrs@a-87c&rrs@a-96c&rrs@c-119t&rrs@c-121t&rrs@c-81t&rrs@c-82g&rrs@c-83t&rrs@c-84g&rrs@c-91a&rrs@c-93g&rrs@c-98a&rrs@g-100a&rrs@g-109t&rrs@g-112t&rrs@g-125t&rrs@g-126c&rrs@g-85c&rrs@g-88c&rrs@g-94a&rrs@g-99t&rrs@t-101c&rrs@t-102c&rrs@t-103g&rrs@t-104g&rrs@t-110g&rrs@t-113g&rrs@t-116g&rrs@t-78g&rrs@t-86c&rrs@t-90c&rrs@t-92c,rrs@c-82g
rrs@a-106t&rrs@a-118t&rrs@a-87c&rrs@a-96c&rrs@c-119t&rrs@c-121t&rrs@c-81t&rrs@c-82g&rrs@c-83t&rrs@c-84g&rrs@c-91a&rrs@c-93g&rrs@c-98a&rrs@g-100a&rrs@g-109t&rrs@g-112t&rrs@g-125t&rrs@g-126c&rrs@g-85c&rrs@g-88c&rrs@g-94a&rrs@g-99t&rrs@t-101c&rrs@t-102c&rrs@t-103g&rrs@t-104g&rrs@t-110g&rrs@t-113g&rrs@t-116g&rrs@t-78g&rrs@t-86c&rrs@t-90c&rrs@t-92c,rrs@c-83t
rrs@a-106t&rrs@a-118t&rrs@a-87c&rrs@a-96c&rrs@c-119t&rrs@c-121t&rrs@c-81t&rrs@c-82g&rrs@c-83t&rrs@c-84g&rrs@c-91a&rrs@c-93g&rrs@c-98a&rrs@g-100a&rrs@g-109t&rrs@g-112t&rrs@g-125t&rrs@g-126c&rrs@g-85c&rrs@g-88c&rrs@g-94a&rrs@g-99t&rrs@t-101c&rrs@t-102c&rrs@t-103g&rrs@t-104g&rrs@t-110g&rrs@t-113g&rrs@t-116g&rrs@t-78g&rrs@t-86c&rrs@t-90c&rrs@t-92c,rrs@c-84g
rrs@a-106t&rrs@a-118t&rrs@a-87c&rrs@a-96c&rrs@c-119t&rrs@c-121t&rrs@c-81t&rrs@c-82g&rrs@c-83t&rrs@c-84g&rrs@c-91a&rrs@c-93g&rrs@c-98a&rrs@g-100a&rrs@g-109t&rrs@g-112t&rrs@g-125t&rrs@g-126c&rrs@g-85c&rrs@g-88c&rrs@g-94a&rrs@g-99t&rrs@t-101c&rrs@t-102c&rrs@t-103g&rrs@t-104g&rrs@t-110g&rrs@t-113g&rrs@t-116g&rrs@t-78g&rrs@t-86c&rrs@t-90c&rrs@t-92c,rrs@c-91a
rrs@a-106t&rrs@a-118t&rrs@a-87c&rrs@a-96c&rrs@c-119t&rrs@c-121t&rrs@c-81t&rrs@c-82g&rrs@c-83t&rrs@c-84g&rrs@c-91a&rrs@c-93g&rrs@c-98a&rrs@g-100a&rrs@g-109t&rrs@g-112t&rrs@g-125t&rrs@g-126c&rrs@g-85c&rrs@g-88c&rrs@g-94a&rrs@g-99t&rrs@t-101c&rrs@t-102c&rrs@t-103g&rrs@t-104g&rrs@t-110g&rrs@t-113g&rrs@t-116g&rrs@t-78g&rrs@t-86c&rrs@t-90c&rrs@t-92c,rrs@c-93g
rrs@a-106t&rrs@a-118t&rrs@a-87c&rrs@a-96c&rrs@c-119t&rrs@c-121t&rrs@c-81t&rrs@c-82g&rrs@c-83t&rrs@c-84g&rrs@c-91a&rrs@c-93g&rrs@c-98a&rrs@g-100a&rrs@g-109t&rrs@g-112t&rrs@g-125t&rrs@g-126c&rrs@g-85c&rrs@g-88c&rrs@g-94a&rrs@g-99t&rrs@t-101c&rrs@t-102c&rrs@t-103g&rrs@t-104g&rrs@t-110g&rrs@t-113g&rrs@t-116g&rrs@t-78g&rrs@t-86c&rrs@t-90c&rrs@t-92c,rrs@c-98a
rrs@a-106t&rrs@a-118t&rrs@a-87c&rrs@a-96c&rrs@c-119t&rrs@c-121t&rrs@c-81t&rrs@c-82g&rrs@c-83t&rrs@c-84g&rrs@c-91a&rrs@c-93g&rrs@c-98a&rrs@g-100a&rrs@g-109t&rrs@g-112t&rrs@g-125t&rrs@g-126c&rrs@g-85c&rrs@g-88c&rrs@g-94a&rrs@g-99t&rrs@t-101c&rrs@t-102c&rrs@t-103g&rrs@t-104g&rrs@t-110g&rrs@t-113g&rrs@t-116g&rrs@t-78g&rrs@t-86c&rrs@t-90c&rrs@t-92c,rrs@g-100a
rrs@a-106t&rrs@a-118t&rrs@a-87c&rrs@a-96c&rrs@c-119t&rrs@c-121t&rrs@c-81t&rrs@c-82g&rrs@c-83t&rrs@c-84g&rrs@c-91a&rrs@c-93g&rrs@c-98a&rrs@g-100a&rrs@g-109t&rrs@g-112t&rrs@g-125t&rrs@g-126c&rrs@g-85c&rrs@g-88c&rrs@g-94a&rrs@g-99t&rrs@t-101c&rrs@t-102c&rrs@t-103g&rrs@t-104g&rrs@t-110g&rrs@t-113g&rrs@t-116g&rrs@t-78g&rrs@t-86c&rrs@t-90c&rrs@t-92c,mcr3@g1471737t
rrs@a-106t&rrs@a-118t&rrs@a-87c&rrs@a-96c&rrs@c-119t&rrs@c-121t&rrs@c-81t&rrs@c-82g&rrs@c-83t&rrs@c-84g&rrs@c-91a&rrs@c-93g&rrs@c-98a&rrs@g-100a&rrs@g-109t&rrs@g-112t&rrs@g-125t&rrs@g-126c&rrs@g-85c&rrs@g-88c&rrs@g-94a&rrs@g-99t&rrs@t-101c&rrs@t-102c&rrs@t-103g&rrs@t-104g&rrs@t-110g&rrs@t-113g&rrs@t-116g&rrs@t-78g&rrs@t-86c&rrs@t-90c&rrs@t-92c,mcr3@g1471734t
rrs@a-106t&rrs@a-118t&rrs@a-87c&rrs@a-96c&rrs@c-119t&rrs@c-121t&rrs@c-81t&rrs@c-82g&rrs@c-83t&rrs@c-84g&rrs@c-91a&rrs@c-93g&rrs@c-98a&rrs@g-100a&rrs@g-109t&rrs@g-112t&rrs@g-125t&rrs@g-126c&rrs@g-85c&rrs@g-88c&rrs@g-94a&rrs@g-99t&rrs@t-101c&rrs@t-102c&rrs@t-103g&rrs@t-104g&rrs@t-110g&rrs@t-113g&rrs@t-116g&rrs@t-78g&rrs@t-86c&rrs@t-90c&rrs@t-92c,mcr3@g1471721t
rrs@a-106t&rrs@a-118t&rrs@a-87c&rrs@a-96c&rrs@c-119t&rrs@c-121t&rrs@c-81t&rrs@c-82g&rrs@c-83t&rrs@c-84g&rrs@c-91a&rrs@c-93g&rrs@c-98a&rrs@g-100a&rrs@g-109t&rrs@g-112t&rrs@g-125t&rrs@g-126c&rrs@g-85c&rrs@g-88c&rrs@g-94a&rrs@g-99t&rrs@t-101c&rrs@t-102c&rrs@t-103g&rrs@t-104g&rrs@t-110g&rrs@t-113g&rrs@t-116g&rrs@t-78g&rrs@t-86c&rrs@t-90c&rrs@t-92c,mcr3@g1471720c
rrs@a-106t&rrs@a-118t&rrs@a-87c&rrs@a-96c&rrs@c-119t&rrs@c-121t&rrs@c-81t&rrs@c-82g&rrs@c-83t&rrs@c-84g&rrs@c-91a&rrs@c-93g&rrs@c-98a&rrs@g-100a&rrs@g-109t&rrs@g-112t&rrs@g-125t&rrs@g-126c&rrs@g-85c&rrs@g-88c&rrs@g-94a&rrs@g-99t&rrs@t-101c&rrs@t-102c&rrs@t-103g&rrs@t-104g&rrs@t-110g&rrs@t-113g&rrs@t-116g&rrs@t-78g&rrs@t-86c&rrs@t-90c&rrs@t-92c,rrs@g-85c
rrs@a-106t&rrs@a-118t&rrs@a-87c&rrs@a-96c&rrs@c-119t&rrs@c-121t&rrs@c-81t&rrs@c-82g&rrs@c-83t&rrs@c-84g&rrs@c-91a&rrs@c-93g&rrs@c-98a&rrs@g-100a&rrs@g-109t&rrs@g-112t&rrs@g-125t&rrs@g-126c&rrs@g-85c&rrs@g-88c&rrs@g-94a&rrs@g-99t&rrs@t-101c&rrs@t-102c&rrs@t-103g&rrs@t-104g&rrs@t-110g&rrs@t-113g&rrs@t-116g&rrs@t-78g&rrs@t-86c&rrs@t-90c&rrs@t-92c,rrs@g-88c
rrs@a-106t&rrs@a-118t&rrs@a-87c&rrs@a-96c&rrs@c-119t&rrs@c-121t&rrs@c-81t&rrs@c-82g&rrs@c-83t&rrs@c-84g&rrs@c-91a&rrs@c-93g&rrs@c-98a&rrs@g-100a&rrs@g-109t&rrs@g-112t&rrs@g-125t&rrs@g-126c&rrs@g-85c&rrs@g-88c&rrs@g-94a&rrs@g-99t&rrs@t-101c&rrs@t-102c&rrs@t-103g&rrs@t-104g&rrs@t-110g&rrs@t-113g&rrs@t-116g&rrs@t-78g&rrs@t-86c&rrs@t-90c&rrs@t-92c,rrs@g-94a
rrs@a-106t&rrs@a-118t&rrs@a-87c&rrs@a-96c&rrs@c-119t&rrs@c-121t&rrs@c-81t&rrs@c-82g&rrs@c-83t&rrs@c-84g&rrs@c-91a&rrs@c-93g&rrs@c-98a&rrs@g-100a&rrs@g-109t&rrs@g-112t&rrs@g-125t&rrs@g-126c&rrs@g-85c&rrs@g-88c&rrs@g-94a&rrs@g-99t&rrs@t-101c&rrs@t-102c&rrs@t-103g&rrs@t-104g&rrs@t-110g&rrs@t-113g&rrs@t-116g&rrs@t-78g&rrs@t-86c&rrs@t-90c&rrs@t-92c,rrs@g-99t
rrs@a-106t&rrs@a-118t&rrs@a-87c&rrs@a-96c&rrs@c-119t&rrs@c-121t&rrs@c-81t&rrs@c-82g&rrs@c-83t&rrs@c-84g&rrs@c-91a&rrs@c-93g&rrs@c-98a&rrs@g-100a&rrs@g-109t&rrs@g-112t&rrs@g-125t&rrs@g-126c&rrs@g-85c&rrs@g-88c&rrs@g-94a&rrs@g-99t&rrs@t-101c&rrs@t-102c&rrs@t-103g&rrs@t-104g&rrs@t-110g&rrs@t-113g&rrs@t-116g&rrs@t-78g&rrs@t-86c&rrs@t-90c&rrs@t-92c,rrs@t-101c
rrs@a-106t&rrs@a-118t&rrs@a-87c&rrs@a-96c&rrs@c-119t&rrs@c-121t&rrs@c-81t&rrs@c-82g&rrs@c-83t&rrs@c-84g&rrs@c-91a&rrs@c-93g&rrs@c-98a&rrs@g-100a&rrs@g-109t&rrs@g-112t&rrs@g-125t&rrs@g-126c&rrs@g-85c&rrs@g-88c&rrs@g-94a&rrs@g-99t&rrs@t-101c&rrs@t-102c&rrs@t-103g&rrs@t-104g&rrs@t-110g&rrs@t-113g&rrs@t-116g&rrs@t-78g&rrs@t-86c&rrs@t-90c&rrs@t-92c,rrs@t-102c
rrs@a-106t&rrs@a-118t&rrs@a-87c&rrs@a-96c&rrs@c-119t&rrs@c-121t&rrs@c-81t&rrs@c-82g&rrs@c-83t&rrs@c-84g&rrs@c-91a&rrs@c-93g&rrs@c-98a&rrs@g-100a&rrs@g-109t&rrs@g-112t&rrs@g-125t&rrs@g-126c&rrs@g-85c&rrs@g-88c&rrs@g-94a&rrs@g-99t&rrs@t-101c&rrs@t-102c&rrs@t-103g&rrs@t-104g&rrs@t-110g&rrs@t-113g&rrs@t-116g&rrs@t-78g&rrs@t-86c&rrs@t-90c&rrs@t-92c,rrs@t-103g
rrs@a-106t&rrs@a-118t&rrs@a-87c&rrs@a-96c&rrs@c-119t&rrs@c-121t&rrs@c-81t&rrs@c-82g&rrs@c-83t&rrs@c-84g&rrs@c-91a&rrs@c-93g&rrs@c-98a&rrs@g-100a&rrs@g-109t&rrs@g-112t&rrs@g-125t&rrs@g-126c&rrs@g-85c&rrs@g-88c&rrs@g-94a&rrs@g-99t&rrs@t-101c&rrs@t-102c&rrs@t-103g&rrs@t-104g&rrs@t-110g&rrs@t-113g&rrs@t-116g&rrs@t-78g&rrs@t-86c&rrs@t-90c&rrs@t-92c,mcr3@t1471742g
rrs@a-106t&rrs@a-118t&rrs@a-87c&rrs@a-96c&rrs@c-119t&rrs@c-121t&rrs@c-81t&rrs@c-82g&rrs@c-83t&rrs@c-84g&rrs@c-91a&rrs@c-93g&rrs@c-98a&rrs@g-100a&rrs@g-109t&rrs@g-112t&rrs@g-125t&rrs@g-126c&rrs@g-85c&rrs@g-88c&rrs@g-94a&rrs@g-99t&rrs@t-101c&rrs@t-102c&rrs@t-103g&rrs@t-104g&rrs@t-110g&rrs@t-113g&rrs@t-116g&rrs@t-78g&rrs@t-86c&rrs@t-90c&rrs@t-92c,mcr3@t1471736g
rrs@a-106t&rrs@a-118t&rrs@a-87c&rrs@a-96c&rrs@c-119t&rrs@c-121t&rrs@c-81t&rrs@c-82g&rrs@c-83t&rrs@c-84g&rrs@c-91a&rrs@c-93g&rrs@c-98a&rrs@g-100a&rrs@g-109t&rrs@g-112t&rrs@g-125t&rrs@g-126c&rrs@g-85c&rrs@g-88c&rrs@g-94a&rrs@g-99t&rrs@t-101c&rrs@t-102c&rrs@t-103g&rrs@t-104g&rrs@t-110g&rrs@t-113g&rrs@t-116g&rrs@t-78g&rrs@t-86c&rrs@t-90c&rrs@t-92c,mcr3@t1471733g
rrs@a-106t&rrs@a-118t&rrs@a-87c&rrs@a-96c&rrs@c-119t&rrs@c-121t&rrs@c-81t&rrs@c-82g&rrs@c-83t&rrs@c-84g&rrs@c-91a&rrs@c-93g&rrs@c-98a&rrs@g-100a&rrs@g-109t&rrs@g-112t&rrs@g-125t&rrs@g-126c&rrs@g-85c&rrs@g-88c&rrs@g-94a&rrs@g-99t&rrs@t-101c&rrs@t-102c&rrs@t-103g&rrs@t-104g&rrs@t-110g&rrs@t-113g&rrs@t-116g&rrs@t-78g&rrs@t-86c&rrs@t-90c&rrs@t-92c,mcr3@t1471730g
rrs@a-106t&rrs@a-118t&rrs@a-87c&rrs@a-96c&rrs@c-119t&rrs@c-121t&rrs@c-81t&rrs@c-82g&rrs@c-83t&rrs@c-84g&rrs@c-91a&rrs@c-93g&rrs@c-98a&rrs@g-100a&rrs@g-109t&rrs@g-112t&rrs@g-125t&rrs@g-126c&rrs@g-85c&rrs@g-88c&rrs@g-94a&rrs@g-99t&rrs@t-101c&rrs@t-102c&rrs@t-103g&rrs@t-104g&rrs@t-110g&rrs@t-113g&rrs@t-116g&rrs@t-78g&rrs@t-86c&rrs@t-90c&rrs@t-92c,rrs@t-78g
rrs@a-106t&rrs@a-118t&rrs@a-87c&rrs@a-96c&rrs@c-119t&rrs@c-121t&rrs@c-81t&rrs@c-82g&rrs@c-83t&rrs@c-84g&rrs@c-91a&rrs@c-93g&rrs@c-98a&rrs@g-100a&rrs@g-109t&rrs@g-112t&rrs@g-125t&rrs@g-126c&rrs@g-85c&rrs@g-88c&rrs@g-94a&rrs@g-99t&rrs@t-101c&rrs@t-102c&rrs@t-103g&rrs@t-104g&rrs@t-110g&rrs@t-113g&rrs@t-116g&rrs@t-78g&rrs@t-86c&rrs@t-90c&rrs@t-92c,rrs@t-86c
rrs@a-106t&rrs@a-118t&rrs@a-87c&rrs@a-96c&rrs@c-119t&rrs@c-121t&rrs@c-81t&rrs@c-82g&rrs@c-83t&rrs@c-84g&rrs@c-91a&rrs@c-93g&rrs@c-98a&rrs@g-100a&rrs@g-109t&rrs@g-112t&rrs@g-125t&rrs@g-126c&rrs@g-85c&rrs@g-88c&rrs@g-94a&rrs@g-99t&rrs@t-101c&rrs@t-102c&rrs@t-103g&rrs@t-104g&rrs@t-110g&rrs@t-113g&rrs@t-116g&rrs@t-78g&rrs@t-86c&rrs@t-90c&rrs@t-92c,rrs@t-90c
rrs@a-106t&rrs@a-118t&rrs@a-87c&rrs@a-96c&rrs@c-119t&rrs@c-121t&rrs@c-81t&rrs@c-82g&rrs@c-83t&rrs@c-84g&rrs@c-91a&rrs@c-93g&rrs@c-98a&rrs@g-100a&rrs@g-109t&rrs@g-112t&rrs@g-125t&rrs@g-126c&rrs@g-85c&rrs@g-88c&rrs@g-94a&rrs@g-99t&rrs@t-101c&rrs@t-102c&rrs@t-103g&rrs@t-104g&rrs@t-110g&rrs@t-113g&rrs@t-116g&rrs@t-78g&rrs@t-86c&rrs@t-90c&rrs@t-92c,rrs@t-92c
rpsL@c-259t,Rv0681@c781301t
rpsL@t-165c,rpsL@t-165c
rrs@c-187t,mcr3@c1471659t
rpsL@-154_ins_c&rpsL@t-165c,rpsL@-154_ins_c
rpsL@-154_ins_c&rpsL@t-165c,rpsL@t-165c
ethA@t-6c,ethA@t-6c
inhA@a-778g,fabG1@a-16g
inhA@c-777t,fabG1@c-15t
inhA@g-154a,fabG1@g1674048a
inhA@t-770a,fabG1@t-8a
inhA@t-770c,fabG1@t-8c
eis@-8_del_c,eis@-8_del_c
eis@c-11t,eis@c-11t
eis@c-13t,eis@c-13t
eis@g-36t,eis@g-36t
eis@g-9a,eis@g-9a
rrs@c-187t,mcr3@c1471659t
rrs@-210_del_a&rrs@c-187t,mcr3@1471636_del_a
rrs@-210_del_a&rrs@c-187t,mcr3@c1471659t
rrs@c-187t,mcr3@c1471659t
rrs@-210_del_a&rrs@c-187t,mcr3@1471636_del_a
rrs@-210_del_a&rrs@c-187t,mcr3@c1471659t
pncA@-126_del_c,Rv2042c@2288555_del_c
fabG1@a-16g,fabG1@a-16g
fabG1@c-15t,fabG1@c-15t
fabG1@t-8a,fabG1@t-8a
fabG1@t-8c,fabG1@t-8c
fabG1@a-16g,fabG1@a-16g
fabG1@c-15t,fabG1@c-15t
fabG1@t-8a,fabG1@t-8a
fabG1@t-8c,fabG1@t-8c
